{"cameraMode":{"drawMode":0,"name":"Shaded","section":"Shading Mode"},"sceneLighting":false,"audioPlay":false,"sceneViewState":{"showFog":true,"showMaterialUpdate":false,"showSkybox":true,"showFlares":true,"showImageEffects":true,"showParticleSystems":true},"in2DMode":false,"pivot":{"x":-148.47845458984376,"y":76.85958862304688,"z":133.32540893554688},"rotation":{"x":-0.08941847085952759,"y":0.8587466478347778,"z":-0.16053654253482819,"w":-0.4783192574977875},"size":933.3811645507813,"orthographic":false}